Tissue,Description,ZScore,MeanExp,Breadth,CV,NeighborMeanBreadth,NeighborMeanZscore,Label,Probability,,"Supplementary Table S2. Mouse knock out genes with phenotypes in 6 tissues. 191 genes whose germline deletion result in phenotypic aberration that could be unambiguously ascribed to one of the 6 tissues - Heart, Breast, Thyroid, Muscle, Lung, and Ovary. The tables shows a few key feature values for these genes and the overall score for tissue relevance as computed by FUGUE. ",,,,,,,,,,,,,,
Heart,SDHA,1.99352849,243.288498,0.8466899,0.5795396,0.26482958,-0.3771333,P,0.98538315,,,,,,,,,,,,,,,,
Heart,TNNT2,3.95548463,2449.0708,1,0.45822904,0.4184669,0.20590842,P,0.98209828,,,,,,,,,,,,,,,,
Heart,ACTN2,1.19982183,507.696777,0.99767712,0.60420245,0.34713081,-0.2955134,P,0.97660792,,,,,,,,,,,,,,,,
Heart,SCN5A,3.60689068,38.1071663,0.99767712,0.63196856,0.35816412,-0.0263409,P,0.97448921,,,,,,,,,,,,,,,,
Heart,MYH6,3.01634264,2784.5127,0.99767712,1.01731849,0.24058892,-0.5032021,P,0.97187984,,,,,,,,,,,,,,,,
Heart,TMOD1,1.09591222,106.306709,0.86875726,0.56820971,0.23640587,-0.4188263,U,0.97141719,,,,,,,,,,,,,,,,
Heart,MYBPC3,3.80667782,1131.20801,1,0.55064219,0.59974559,0.63461839,P,0.97130716,,,,,,,,,,,,,,,,
Heart,TPM1,1.89365637,1118.81628,0.96515679,0.53922766,0.26602357,-0.3793409,P,0.96623927,,,,,,,,,,,,,,,,
Heart,GPD1L,1.22296762,80.982254,0.77351916,0.72046959,0.47456446,0.20617077,P,0.96384686,,,,,,,,,,,,,,,,
Heart,CASQ2,2.74634147,439.576233,0.99651568,0.64486516,0.20584819,-0.5559054,P,0.96101403,,,,,,,,,,,,,,,,
Heart,ACTC1,3.51086307,3179.70044,1,0.69057465,0.21407298,-0.4873115,P,0.960518,,,,,,,,,,,,,,,,
Heart,RYR2,3.25684452,84.8055954,0.97444832,0.72983313,0.25775038,-0.3079404,P,0.95808655,,,,,,,,,,,,,,,,
Heart,TTN,0.48800808,61.5971603,1,0.57712978,0.31278358,-0.3291659,P,0.95247549,,,,,,,,,,,,,,,,
Heart,GATA4,1.80097318,48.2902946,1,0.47587636,0.26806039,-0.3351467,P,0.95056558,,,,,,,,,,,,,,,,
Heart,PLN,1.69257617,662.02002,0.9825784,0.73162764,0.59645233,0.42456397,P,0.94907433,,,,,,,,,,,,,,,,
Heart,NPPA,2.64378119,16279.5117,0.95121951,1.28643918,0.29351253,-0.3203348,P,0.94804525,,,,,,,,,,,,,,,,
Heart,DES,0.85358173,6899.55029,0.99883856,0.56699574,0.39121177,-0.1507141,P,0.94601369,,,,,,,,,,,,,,,,
Heart,XIRP1,2.01374555,283.717712,1,1.44208694,0.4963705,0.17930536,U,0.94396657,,,,,,,,,,,,,,,,
Heart,CAV3,0.69374883,11.7738953,0.99883856,0.58574784,0.25346579,-0.4207435,P,0.93907452,,,,244,,,,,,,,,,,,
Heart,MYH7,1.60564125,2733.91406,0.99883856,1.09310293,0.39639954,-0.1663002,P,0.93760544,,,,215,,,,,,,,,,,,
Heart,SNTA1,0.90450835,130.257065,0.92915215,0.43087628,0.28822357,-0.3431273,P,0.93480885,,,,41,,,,,,,,,,,,
Heart,LDB3,1.89956486,324.782379,0.99535424,0.56122059,0.44134727,0.08321782,P,0.93469709,,,,,,,,,,,,,,,,
Heart,NKX2-5,3.71711326,114.257622,1,0.54739797,0.22388993,-0.4402399,P,0.92945302,,,,,,,,,,,,,,,,
Heart,LRRC10,3.15599346,14.918829,1,0.9312551,0.1010453,-0.5678268,U,0.92920589,,,,,,,,,,,,,,,,
Heart,TNNI3,3.54163933,3601.81592,1,0.70144087,0.76359413,0.99890783,P,0.92555666,,,,,,,,,,,,,,,,
Heart,PKP2,2.94026065,56.6445541,0.96283391,0.76663959,0.26982283,-0.5005959,P,0.9252947,,,,,,,,,,,,,,,,
Heart,PRKAG2,1.61971724,45.1468582,0.78977933,0.96972388,0.18880235,-0.5149718,P,0.92383099,,,,,,,,,,,,,,,,
Heart,YME1L1,-0.8708554,21.7552204,0.07317073,0.4838233,0.34084853,-0.1183253,U,0.91906965,,,,,,,,,,,,,,,,
Heart,BMPR1A,-0.6228889,4.29422569,0.1533101,0.53634876,0.18383559,-0.524269,U,0.91864544,,,,,,,,,,,,,,,,
Heart,MYOZ2,3.38343978,412.407227,1,0.56884646,0.44444444,0.01160095,P,0.91169465,,,,,,,,,,,,,,,,
Heart,MYPN,0.82414782,31.718256,0.99767712,0.78357434,0.44291863,0.12522099,P,0.90604877,,,,,,,,,,,,,,,,
Heart,TBX20,3.0051713,15.4717922,1,0.96578509,0.11033682,-0.6792301,P,0.90179276,,,,,,,,,,,,,,,,
Heart,PDLIM5,1.21181846,74.5073776,0.88850174,0.59629846,0.12412201,-0.7379708,U,0.90111738,,,,,,,,,,,,,,,,
Heart,GJA1,-0.4834997,66.4051895,0.23344948,0.68535638,0.23564432,-0.4800242,P,0.89882624,,,,,,,,,,,,,,,,
Heart,RAF1,-0.4944286,71.2112656,0.23809524,0.45052916,0.18185049,-0.5985317,P,0.89558637,,,,,,,,,,,,,,,,
Heart,BMPR2,-0.6115956,10.2262201,0.10569106,0.46010545,0.24088644,-0.4173313,P,0.89360166,,,,,,,,,,,,,,,,
Heart,TNNC1,1.26346576,2604.4895,1,0.66498727,0.61619681,0.47636741,P,0.89192963,,,,,,,,,,,,,,,,
Heart,NEXN,0.80345368,159.377579,0.93031359,0.68486834,0.24512344,-0.5185829,P,0.89152437,,,,,,,,,,,,,,,,
Heart,PSEN1,-1.3072493,4.28188896,0.00116144,0.43262392,0.19959298,-0.5168612,P,0.89134014,,,,,,,,,,,,,,,,
Heart,RAB1A,-1.0485992,72.2217941,0.04181185,0.46609187,0.19298139,-0.5805894,U,0.88956964,,,,,,,,,,,,,,,,
Heart,CSRP3,2.61353374,804.775452,1,0.90314502,0.58151858,0.25180644,P,0.88732976,,,,,,,,,,,,,,,,
Heart,KCNH2,0.76993835,31.9086266,0.95238095,0.5816406,0.2777444,-0.3582867,P,0.88677561,,,,,,,,,,,,,,,,
Heart,PROX1,0.4480086,6.18205738,0.85481998,0.65015626,0.23273049,-0.4751253,U,0.88022226,,,,,,,,,,,,,,,,
Heart,ERBB2,-0.3428184,30.4279404,0.42044135,0.57798606,0.18610847,-0.5128149,U,0.87776393,,,,,,,,,,,,,,,,
Heart,PTPN11,-0.8764628,22.7574577,0.05342625,0.57454932,0.18892207,-0.5525797,P,0.87465709,,,,,,,,,,,,,,,,
Heart,GNAQ,-1.3885273,6.40114641,0.00232288,0.58082247,0.19359374,-0.5397828,P,0.87238598,,,,,,,,,,,,,,,,
Heart,DAG1,-0.1009209,38.0466881,0.52380952,0.52303714,0.2007289,-0.5366235,U,0.86953777,,,,,,,,,,,,,,,,
Heart,GATA6,0.67023146,29.8984394,0.98373984,0.4372623,0.23798965,-0.5014014,P,0.8691569,,,,,,,,,,,,,,,,
Heart,FLNC,0.81120831,403.856415,0.97444832,1.7336874,0.22105003,-0.5122956,U,0.86262739,,,,,,,,,,,,,,,,
Heart,CAV1,-0.3135566,116.935905,0.4912892,0.56024134,0.19204786,-0.576816,U,0.86195594,,,,,,,,,,,,,,,,
Heart,CALM1,-0.5921738,111.547295,0.06620209,0.41926429,0.17294668,-0.5697363,U,0.86040753,,,,,,,,,,,,,,,,
Heart,TCAP,1.66623664,1509.80139,1,0.56864607,0.50280681,0.14831835,P,0.8566432,,,,,,,,,,,,,,,,
Heart,LRP1,-0.5062123,47.8235397,0.22880372,0.71002364,0.18618992,-0.5551631,N,0.85420322,,,,,,,,,,,,,,,,
Heart,CALR,-0.4129735,246.32019,0.23925668,0.72936237,0.19969256,-0.5491471,N,0.85167819,,,,,,,,,,,,,,,,
Heart,FKTN,-0.872948,2.95615315,0.03135889,0.49184552,0.19628339,-0.513313,P,0.83415169,,,,,,,,,,,,,,,,
Heart,ANK2,-0.0206686,13.634819,0.7398374,0.57154131,0.27175229,-0.4241246,P,0.83085132,,,,,,,,,,,,,,,,
Heart,ESRRB,0.71090525,1.5787499,0.96399535,0.66440684,0.23866896,-0.4511918,U,0.82877773,,,,,,,,,,,,,,,,
Heart,TECRL,3.55714464,119.581818,1,0.67833406,0.00116144,-0.8261819,U,0.8286925,,,,,,,,,,,,,,,,
Heart,SRF,-0.135841,51.2486038,0.6213705,0.5233658,0.19595995,-0.5621224,U,0.82246459,,,,,,,,,,,,,,,,
Heart,JPH2,0.46241426,45.5430641,0.96980256,0.56177163,0.26234884,-0.4493254,P,0.81967854,,,,,,,,,,,,,,,,
Heart,CRYAB,2.05197096,1986.16125,0.94657375,0.87839001,0.23711913,-0.4455379,P,0.81651711,,,,,,,,,,,,,,,,
Heart,ECE1,-0.5614353,44.6021881,0.16608595,0.53112882,0.20218351,-0.6467879,P,0.81590325,,,,,,,,,,,,,,,,
Heart,DMD,0.00640059,10.4767618,0.77003484,0.63300461,0.2492272,-0.4808464,P,0.8131302,,,,,,,,,,,,,,,,
Heart,EYA4,0.3702521,3.49551558,0.92334495,0.71522033,0.18883082,-0.5172957,P,0.81198579,,,,,,,,,,,,,,,,
Heart,INVS,-0.9379104,2.39382005,0.04994193,0.58737743,0.09879501,-0.7135021,P,0.81191474,,,,,,,,,,,,,,,,
Heart,VCL,-0.270308,61.7593231,0.50058072,0.73870683,0.18304925,-0.6059161,P,0.79668552,,,,,,,,,,,,,,,,
Heart,BMP10,2.19258118,214.903122,0.71312427,1.68488395,0.03832753,-0.8512662,U,0.79568708,,,,,,,,,,,,,,,,
Heart,JUP,-0.2631907,78.0616302,0.80371661,0.46817765,0.18199991,-0.5693625,P,0.78586477,,,,,,,,,,,,,,,,
Heart,LAMA4,-0.4812505,15.2771444,0.31126597,0.65866369,0.19396051,-0.6217058,U,0.78381222,,,,,,,,,,,,,,,,
Heart,MDM4,-1.0249776,6.67008066,0.029036,0.50521421,0.11329321,-0.7104548,U,0.77793974,,,,,,,,,,,,,,,,
Heart,HCN4,1.56459284,6.13884354,0.99883856,0.94390523,0.38410486,-0.1846195,U,0.77387875,,,,,,,,,,,,,,,,
Heart,AKAP9,-1.0544932,5.02449894,0.00464576,0.48161981,0.12923173,-0.6453334,P,0.76350337,,,,,,,,,,,,,,,,
Heart,HSPG2,-0.2151741,60.0752716,0.60278746,0.59527403,0.29403794,-0.4407195,P,0.74811667,,,,,,,,,,,,,,,,
Heart,CAP2,-0.0663873,29.9769344,0.81416957,0.66563839,0.20007335,-0.6475557,U,0.74535412,,,,,,,,,,,,,,,,
Heart,PSEN2,-0.9185151,6.7705431,0.03948897,0.41307697,0.14915756,-0.630086,P,0.74356472,,,,,,,,,,,,,,,,
Heart,TRDN,0.31480625,48.7133522,1,0.46553177,0.22067364,-0.4373433,U,0.74286556,,,,,,,,,,,,,,,,
Heart,MAP3K7,-1.0500079,7.99350929,0.02439024,0.44566989,0.15029743,-0.6565118,N,0.74236178,,,,,,,,,,,,,,,,
Heart,STAT3,-0.6141456,57.4976921,0.16027875,0.71860653,0.1526853,-0.6440065,N,0.74142826,,,,,,,,,,,,,,,,
Heart,DVL2,-1.1572083,10.2821569,0.00232288,0.47059974,0.13986116,-0.6893694,U,0.73975849,,,,,,,,,,,,,,,,
Heart,PEPD,-1.0886182,15.0249157,0.00116144,0.44672725,0.17164427,-0.5393761,N,0.73160017,,,,,,,,,,,,,,,,
Heart,TIMP3,-0.2132058,356.360352,0.51567944,0.78761572,0.26011421,-0.3736774,U,0.72758055,,,,,,,,,,,,,,,,
Heart,ACSL1,-0.3359379,60.2349968,0.40534262,0.77651978,0.48378451,0.23885652,U,0.70595974,,,,,,,,,,,,,,,,
Heart,MKS1,-1.0463138,3.69038367,0.00348432,0.43406057,0.13236008,-0.7196294,P,0.70560139,,,,,,,,,,,,,,,,
Heart,ACE2,0.30507964,8.24078941,0.99186992,0.89071339,0.22222222,-0.6377933,N,0.70107621,,,,,,,,,,,,,,,,
Heart,DSG2,0.11105782,11.3880663,0.80371661,0.78664595,0.25542393,-0.4328737,P,0.69985425,,,,,,,,,,,,,,,,
Heart,ILK,-0.464549,79.2486649,0.30197445,0.3949466,0.14303943,-0.6725177,U,0.69197839,,,,,,,,,,,,,,,,
Heart,KCNQ1,0.05628107,15.9857788,0.94773519,0.49319842,0.2319562,-0.5051949,P,0.67645991,,,,,,,,,,,,,,,,
Heart,DNM1L,-0.7950211,18.8810997,0.05110337,0.45197129,0.14846605,-0.6696542,U,0.66840976,,,,,,,,,,,,,,,,
Heart,DAAM1,-0.2329829,14.7063799,0.43205575,0.57754654,0.13757259,-0.6161833,U,0.65646088,,,,,,,,,,,,,,,,
Heart,NOTCH1,-0.7664667,10.4246426,0.04529617,0.5364722,0.07754179,-0.8140354,P,0.64973468,,,,,,,,,,,,,,,,
Heart,DOCK1,-1.0802735,8.73150635,0.00348432,0.46839416,0.08966318,-0.7871528,U,0.64774835,,,,,,,,,,,,,,,,
Heart,FLNA,-0.5221098,133.046844,0.06852497,0.67744398,0.15378255,-0.6235173,U,0.63987267,,,,,,,,,,,,,,,,
Heart,DSP,-0.2112126,56.6238747,0.91753775,0.76581573,0.18159363,-0.588958,P,0.63308799,,,,,,,,,,,,,,,,
Heart,PDLIM3,-0.0220109,136.03096,0.91056911,0.78565574,0.54386372,0.1423411,U,0.63020283,,,,,,,,,,,,,,,,
Heart,TGFB3,-0.1339632,17.8709164,0.54123113,0.81296039,0.27605981,-0.4241932,P,0.62738329,,,,,,,,,,,,,,,,
Heart,RBM20,2.73257685,27.2310047,0.96980256,0.58600622,0.46515679,-0.0501173,P,0.62727636,,,,,,,,,,,,,,,,
Heart,DICER1,-1.1265204,7.13752937,0.00696864,0.47898388,0.11902408,-0.7621435,U,0.62361562,,,,,,,,,,,,,,,,
Heart,TRPM4,-0.2560145,16.2010765,0.42857143,0.48391297,0.17434508,-0.4480345,P,0.61602342,,,,,,,,,,,,,,,,
Heart,NOS3,0.00641801,9.80848217,0.68873403,0.79202175,0.15607126,-0.6844667,N,0.61475605,,,,,,,,,,,,,,,,
Heart,DTNA,-0.1824436,12.8504848,0.77235772,0.51578975,0.24237805,-0.5992208,P,0.60564399,,,,,,,,,,,,,,,,
Heart,GALNT1,-0.8521145,11.4575214,0.04645761,0.5356378,0.04487383,-0.7906256,U,0.6000337,,,,,,,,,,,,,,,,
Heart,BAG3,0.08812805,111.859077,0.67015099,0.89262646,0.15283876,-0.6521489,P,0.59511536,,,,,,,,,,,,,,,,
Heart,KCND3,-0.1345367,6.79371881,0.65853659,0.58807766,0.19327967,-0.5516071,U,0.59493119,,,,,,,,,,,,,,,,
Heart,DCHS1,-0.4130534,6.68575239,0.35191638,0.57889664,0.11759582,-0.7183156,P,0.59246868,,,,,,,,,,,,,,,,
Heart,CALM2,-1.0568635,218.403473,0.00348432,0.43082911,0.17398981,-0.5658297,P,0.59153718,,,,,,,,,,,,,,,,
Heart,PPARG,-0.3446175,5.4719491,0.41695703,0.53659141,0.11866289,-0.7459847,N,0.59079558,,,,,,,,,,,,,,,,
Heart,NR2F2,-0.5646627,17.5015011,0.10452962,0.62026417,0.16861489,-0.6063962,P,0.59055316,,,,,,,,,,,,,,,,
Heart,SGCD,0.74840438,13.9540663,0.88037166,0.69344121,0.54154788,0.08980005,P,0.59050977,,,,,,,,,,,,,,,,
Heart,MED1,-0.8554638,4.39087915,0.01509872,0.48677814,0.11877254,-0.7608731,U,0.58218533,,,,,,,,,,,,,,,,
Heart,PHC1,-0.7347577,5.25020885,0.02787456,0.46287471,0.14723488,-0.6795874,U,0.58192253,,,,,,,,,,,,,,,,
Heart,SMAD9,-0.53237,4.61852026,0.2369338,0.8500663,0.11419482,-0.7530021,U,0.57538909,,,,,,,,,,,,,,,,
Heart,GJA5,0.3486222,15.4638119,0.81765389,1.20787048,0.11982191,-0.6671039,U,0.57443351,,,,,,,,,,,,,,,,
Heart,RPSA,-0.9987042,267.70282,0.02206736,0.53134924,0.11882897,-0.7658185,U,0.57166868,,,,,,,,,,,,,,,,
Heart,CITED2,-0.4841191,33.2487373,0.09639954,0.70148236,0.14559482,-0.7111498,P,0.56922656,,,,,,,,,,,,,,,,
Heart,MYL3,2.46866989,1949.64465,1,1.13339484,0.68757259,-0.2339033,P,0.5682826,,,,,,,,,,,,,,,,
Heart,IFT172,-0.6137176,7.61491632,0.11382114,0.48612961,0.14477195,-0.6278578,P,0.5677495,,,,,,,,,,,,,,,,
Heart,ABCC9,0.10346089,8.49412346,0.78513357,0.50270182,0.48451413,0.02879224,P,0.56482661,,,,,,,,,,,,,,,,
Heart,TMEM43,-0.7141416,46.7567482,0.08130081,0.61476773,0.10021209,-0.7755532,P,0.56357598,,,,,,,,,,,,,,,,
Heart,ZFPM2,-0.1714166,4.24822283,0.61207898,0.54665345,0.17161987,-0.6955773,N,0.55657065,,,,,,,,,,,,,,,,
Heart,SAP130,-0.8531072,6.54807091,0.00232288,0.44603145,0.08503854,-0.7977353,U,0.55620778,,,,,,,,,,,,,,,,
Heart,SNAI1,-0.1844505,9.80967331,0.48432056,1.14824677,0.07584364,-0.7799842,U,0.54699337,,,,,,,,,,,,,,,,
Heart,SCN1B,-0.0552442,17.129528,0.79674797,0.70374006,0.34049555,-0.4008341,P,0.54698086,,,,,,,,,,,,,,,,
Heart,PPP1R13L,0.07789087,48.108448,0.92102207,0.45583183,0.11125189,-0.7306174,U,0.54651552,,,,,,,,,,,,,,,,
Heart,CACNB2,0.00075732,8.6306572,0.7746806,0.62983108,0.14208285,-0.6121211,P,0.53872293,,,,,,,,,,,,,,,,
Heart,RXRA,-0.9383867,11.787776,0.00116144,0.40942225,0.14880639,-0.6951136,U,0.53624666,,,,,,,,,,,,,,,,
Heart,KCNJ5,0.17999315,4.74923325,0.87921022,0.96276706,0.14130856,-0.7433645,P,0.53494406,,,,,,,,,,,,,,,,
Heart,PPP3CA,-0.5940943,6.59121609,0.00464576,0.59132856,0.12754596,-0.6424973,N,0.52368617,,,,,,,,,,,,,,,,
Heart,NCOA6,-1.2642969,5.40155172,0.00232288,0.42567164,0.12479304,-0.7527584,U,0.51425594,,,,,,,,,,,,,,,,
Heart,FKBP1B,-0.6215174,2.93227077,0.01626016,0.59481257,0.18364692,-0.5915229,U,0.50965363,,,,,,,,,,,,,,,,
Heart,NR1D2,-0.8226817,9.13520718,0.06155633,0.64199877,0.10009894,-0.856264,U,0.50501233,,,,,,,,,,,,,,,,
Heart,TFAP2B,-0.3229097,0.02327565,0.30662021,3.9397943,0.14201832,-0.716792,P,0.50025189,,,,,,,,,,,,,,,,
Heart,PDCD1,0.40243593,3.94381452,0.78164925,1.10599101,0.12811579,-0.7181468,N,0.49147388,,,,,,,,,,,,,,,,
Heart,ADORA2A,-0.2449849,3.95915461,0.485482,0.57839483,0.15386026,-0.5605678,N,0.48839295,,,,,,,,,,,,,,,,
Heart,HEY2,-0.0503788,12.5432673,0.64111498,0.94420952,0.39140534,-0.3854556,U,0.48788098,,,,,,,,,,,,,,,,
Heart,KCNA5,0.35341951,20.4662418,0.76074332,1.15526867,0.11227255,-0.7772453,P,0.48425823,,,,,,,,,,,,,,,,
Heart,SMAD6,0.33265239,12.239624,0.80023229,0.90330154,0.09845625,-0.7017808,P,0.48008764,,,,,,,,,,,,,,,,
Heart,TLL1,-0.5534719,0.47746274,0.09407666,1.4312669,0.10723964,-0.5989142,P,0.46376079,,,,,,,,,,,,,,,,
Heart,JAG1,-0.5712147,15.7318573,0.08013937,0.58831918,0.13165266,-0.6608322,P,0.463265,,,,,,,,,,,,,,,,
Heart,BMP4,-0.36166,6.13565254,0.26248548,0.74507272,0.08476143,-0.8361507,U,0.46107668,,,,,,,,,,,,,,,,
Heart,NUP155,-0.5484034,2.32134175,0.00929152,0.4647007,0.13841005,-0.7143351,U,0.43860164,,,,,,,,,,,,,,,,
Heart,GATAD1,-0.9970461,14.2582979,0.01509872,0.48514763,0.08050232,-0.9201861,P,0.43603343,,,,,,,,,,,,,,,,
Heart,YWHAE,-0.8398808,164.739731,0.05923345,0.42688733,0.15392551,-0.6165265,N,0.43500757,,,,,,,,,,,,,,,,
Heart,KCNK3,-0.1489728,6.30300331,0.4970964,1.10695887,0.1293422,-0.7923904,P,0.43345249,,,,,,,,,,,,,,,,
Heart,SCN4B,-0.2071121,10.6346922,0.6562137,0.6980775,0.08130081,-0.2526861,P,0.42727768,,,,,,,,,,,,,,,,
Heart,MYOCD,-0.1228928,7.65107775,0.8989547,0.64316601,0.18800813,-0.6682508,U,0.4272289,,,,,,,,,,,,,,,,
Heart,ELN,-0.1980324,83.2187653,0.50754936,1.21984589,0.33203252,-0.2701725,U,0.42588478,,,,,,,,,,,,,,,,
Heart,PTGER4,-0.5742569,3.18134546,0.10452962,0.62950802,0.12800954,-0.7366682,U,0.40665665,,,,,,,,,,,,,,,,
Heart,FBN1,-0.1790067,21.2624111,0.51103368,0.99019909,0.41087108,-0.321387,U,0.39734837,,,,,,,,,,,,,,,,
Heart,MYL2,1.46557105,7770.16357,0.99535424,1.33639681,0.53581107,-0.2613938,P,0.38984469,,,,,,,,,,,,,,,,
Heart,DOT1L,-0.6223181,6.33850098,0.06852497,0.77488309,0.09679687,-0.7625423,N,0.3726874,,,,,,,,,,,,,,,,
Heart,PKD1,-0.3954223,21.8413677,0.09756098,0.41834107,0.20472091,-0.5132544,U,0.36992013,,,,,,,,,,,,,,,,
Heart,MED13L,-1.0937738,5.44322252,0.00116144,0.50866038,0.09535049,-0.815775,P,0.36810061,,,,,,,,,,,,,,,,
Heart,PPARGC1A,1.25475216,16.1324501,0.89779326,1.38591599,0.13492905,-0.7378524,U,0.35963398,,,,,,,,,,,,,,,,
Heart,SLC39A8,-0.1009965,8.56822109,0.46109175,1.76815152,0.10632017,-0.7490788,U,0.35458755,,,,,,,,,,,,,,,,
Heart,LMNA,-0.5932726,70.9225845,0.08826945,0.5651077,0.1278669,-0.713953,P,0.34155306,,,,,,,,,,,,,,,,
Heart,IFNG,-0.0850285,0.16728459,0.43205575,2.85165,0.15582656,-0.6052143,U,0.32815927,,,,,,,,,,,,,,,,
Heart,RBPJ,-1.171793,10.3009691,0.00813008,0.51585263,0.09446962,-0.7599924,U,0.31569397,,,,,,,,,,,,,,,,
Heart,CTSV,-0.3125621,0.04330844,0.01626016,1.07675779,0.18649914,-0.5042485,U,0.3042354,,,,,,,,,,,,,,,,
Heart,NTF3,-0.3591295,0.93803769,0.30429733,0.92614216,0.35203252,-0.3012097,U,0.29901806,,,,,,,,,,,,,,,,
Heart,HTR2B,-0.1046284,2.03792882,0.61904762,1.47881234,0.15015762,-0.6105664,N,0.29841784,,,,,,,,,,,,,,,,
Heart,VIP,-0.2496897,1.93325078,0.42276423,0.72411865,0.21335656,-0.4705513,U,0.29750174,,,,,,,,,,,,,,,,
Heart,PFKFB3,-0.490582,11.8216124,0.03600465,1.06912887,0.14759969,-0.6015435,U,0.28293526,,,,,,,,,,,,,,,,
Heart,MTPN,-0.8856438,34.669323,0.06852497,0.56149983,0.06333404,-0.8493968,N,0.271402,,,,,,,,,,,,,,,,
Heart,KCNE3,-0.3344065,1.57281971,0.27526132,0.90575749,0.11591173,-0.6625068,P,0.2533569,,,,,,,,,,,,,,,,
Heart,DNAH5,-0.3091197,0.0259268,0.01277584,1.18807507,0.19925152,-0.5584205,U,0.25321475,,,,,,,,,,,,,,,,
Heart,HCN1,-0.0763868,0.65599591,0.52961672,1.44607973,0.49961285,-0.0490391,N,0.24388477,,,,,,,,,,,,,,,,
Heart,SCN2B,-0.1782147,3.37225747,0.89082462,0.90441447,0.09716403,-0.7868471,P,0.23654373,,,,,,,,,,,,,,,,
Heart,KCNJ2,0.07625308,3.90183711,0.6155633,0.96196634,0.56163929,-0.1244732,P,0.22823958,,,,,,,,,,,,,,,,
Heart,DSC2,-0.1851597,2.51036334,0.79442509,0.66069627,0.37417731,-0.3192365,P,0.22301055,,,,,,,,,,,,,,,,
Heart,MYLK2,-0.1745181,0.41174299,0.36585366,1.23265147,0.095158,-0.7232945,U,0.17860661,,,,,,,,,,,,,,,,
Heart,DNAH11,-0.2117852,0.29135174,0.40418118,1.48185527,0.30429733,-0.462958,U,0.1702565,,,,,,,,,,,,,,,,
Heart,FGF8,-0.3845628,0.03841418,0.16840883,1.81757939,0.05221015,-0.9070585,U,0.162287,,,,,,,,,,,,,,,,
Heart,TNFSF4,-0.3573739,0.69545615,0.19976771,0.8116796,0.03716609,-0.9826665,U,0.16068839,,,,,,,,,,,,,,,,
Heart,KCNE1,-0.1614222,0.45232609,0.78164925,1.10773361,0.33384953,-0.334451,P,0.14207104,,,,,,,,,,,,,,,,
Heart,CENPF,-0.2645207,0.17731088,0.09175377,2.474792,0.14734542,-0.6222849,N,0.11379366,,,,,,,,,,,,,,,,
Heart,SCN3B,-0.3799611,0.73615116,0.04181185,0.7545895,0.08618249,-0.7720153,P,0.11131055,,,,,,,,,,,,,,,,
Heart,KCNE2,-0.1298692,0.25680599,0.07084785,1.264871,0.68292683,0.23839768,U,0.06715689,,,,,,,,,,,,,,,,
Heart,SLC6A2,-0.3063954,0.00948149,0.04645761,2.19777274,0.0232288,-0.6022405,N,0.05870447,,,,,,,,,,,,,,,,
Heart,EGFR,-0.8410111,4.49185467,0.00348432,0.57775152,0.15654241,-0.6274435,N,0.05594971,,,,,,,,,,,,,,,,
,,,,,,,,,,,,,,,,,,,,,,,,,
,,,,,,,,,,,,,,,,,,,,,,,,,
Breast,RB1CC1,0.02970905,22.4058418,0.54466231,0.30338389,0.61681,0.09957443,P,0.93112534,,,,,,,,,,,,,,,,
Breast,ESR1,1.14001381,15.190423,0.96732026,1.52940297,0.63816327,0.17199357,P,0.90111351,,,,,,,,,,,,,,,,
Breast,ETV6,0.94655466,34.6212616,0.81045752,0.71344459,0.60210985,0.15230008,U,0.88449293,,,,,,,,,,,,,,,,
Breast,MET,1.0280304,16.416193,0.98910675,0.40510997,0.73150165,0.1966302,U,0.87314886,,,,,,,,,,,,,,,,
Breast,PHB,0.45669302,128.631989,0.76906318,0.33217382,0.61254508,0.12110095,P,0.81112367,,,,,,,,,,,,,,,,
Breast,PIK3CA,0.7854901,18.317461,0.92810458,0.30339056,0.6725469,0.18057389,P,0.787669,,,,,,,,,,,,,,,,
Breast,CHEK2,0.09752154,4.74098206,0.72766885,0.55858374,0.60880797,0.08960618,P,0.7836495,,,,,,,,,,,,,,,,
Breast,MYC,0.6042856,161.854202,0.9912854,0.48537889,0.64231145,0.14836729,U,0.77893007,,,,,,,,,,,,,,,,
Breast,SMARCA4,-0.0527381,33.3466225,0.51851852,0.34564075,0.63127034,0.14784619,U,0.74753076,,,,,,,,,,,,,,,,
Breast,ERBB2,0.14599924,52.0504761,0.55119826,1.13057947,0.61525847,0.05524782,U,0.73900574,,,,,,,,,,,,,,,,
Breast,STAT1,-0.0783176,43.0849457,0.74291939,0.41807726,0.64368243,0.13728948,N,0.72744137,,,,,,,,,,,,,,,,
Breast,KRAS,-0.1562249,13.3141232,0.38997821,0.27966216,0.65100825,0.19547807,U,0.72553325,,,,,,,,,,,,,,,,
Breast,CAV1,0.66103142,347.637878,0.97167756,0.51461393,0.78511256,0.35142654,U,0.71304137,,,,,,,,,,,,,,,,
Breast,CASP8,0.04926874,7.14399815,0.89978214,0.34445736,0.65639383,0.12809881,P,0.69448638,,,,,,,,,,,,,,,,
Breast,APC,-0.3039528,6.95185804,0.34858388,0.28742862,0.64731514,0.13890276,P,0.69219303,,,,,,,,,,,,,,,,
Breast,PPM1D,0.75729865,12.3057356,0.92156863,0.31032521,0.60525599,0.05711543,U,0.68762958,,,,,,,,,,,,,,,,
Breast,PALB2,0.3339974,6.09480572,0.74945534,0.29728466,0.59521504,0.00709109,P,0.68406159,,,,,,,,,,,,,,,,
Breast,ATM,-0.0756763,7.08964729,0.53594771,0.4528819,0.6322489,0.12154464,P,0.6807934,,,,,,,,,,,,,,,,
Breast,XRCC3,0.09152718,26.8478737,0.59694989,0.35449874,0.65943101,0.15059887,P,0.65850067,,,,,,,,,,,,,,,,
Breast,TP53,0.59382099,25.2281151,0.83660131,0.36812469,0.63123859,0.14207199,U,0.60195327,,,,,,,,,,,,,,,,
Breast,AKT1,0.3522518,60.8446198,0.81263617,0.26466313,0.62342048,0.08954452,P,0.49772963,,,,,,,,,,,,,,,,
Breast,BRCA2,-0.1243826,0.51080847,0.79520697,0.59643817,0.63309368,0.09971648,P,0.45813814,,,,,,,,,,,,,,,,
Breast,RAD51,-0.2433423,0.77734995,0.60784314,0.9422192,0.63513446,0.09795561,U,0.42064387,,,,,,,,,,,,,,,,
Breast,CDH1,0.17391771,38.5491867,0.65795207,1.05243766,0.6395743,0.11846818,P,0.41499969,,,,,,,,,,,,,,,,
Breast,NQO2,-0.0909502,9.62030315,0.583878,0.38060218,0.65214234,0.10000884,P,0.37450767,,,,,,,,,,,,,,,,
Breast,BARD1,-0.1390347,3.64692736,0.54901961,0.55013794,0.61869543,0.14224875,P,0.37377366,,,,,,,,,,,,,,,,
Breast,BRCA1,-0.2749944,1.41188288,0.4335512,0.44048113,0.6441598,0.16333345,P,0.24694631,,,,,,,,,,,,,,,,
Breast,BRIP1,-0.1739254,0.4381322,0.69934641,0.88830066,0.61466957,0.07457779,P,0.2311774,,,,,,,,,,,,,,,,
Breast,HGF,0.18402775,5.19120646,0.83660131,0.78848964,0.68252239,0.11284027,U,0.22604072,,,,,,,,,,,,,,,,
Breast,HMMR,-0.2361322,0.46595654,0.34858388,1.65311968,0.59707805,0.0399844,U,0.1827976,,,,,,,,,,,,,,,,
Breast,ESPL1,-0.2737066,0.76138669,0.71459695,1.07508111,0.58661888,0.01263276,U,0.16142529,,,,,,,,,,,,,,,,
Breast,RAD54L,-0.3086356,0.60494667,0.25272331,1.5397681,0.60321351,0.04453023,P,0.08273941,,,,,,,,,,,,,,,,
Breast,WNT1,-0.2012602,0.19547722,0.54248366,1.23243451,0.75272331,0.39931085,U,0.05402418,,,,,,,,,,,,,,,,
,,,,,,,,,,,,,,,,,,,,,,,,,
,,,,,,,,,,,,,,,,,,,,,,,,,
Lung,SFTPB,3.96738601,5190.1001,0.9982699,0.89873034,0.99134948,3.16004705,P,0.97682297,,,,,,,,,,,,,,,,
Lung,SCGB3A2,3.07652903,264.648346,1,1.4105854,1,3.08647156,P,0.9316591,,,,,,,,,,,,,,,,
Lung,SLC34A2,3.75698733,581.395142,0.9982699,0.94504923,0.78143022,0.51046712,P,0.91845244,,,,,,,,,,,,,,,,
Lung,SFTPC,3.3551631,4049.83398,0.9982699,1.23617125,0.88105536,0.7887193,P,0.89737928,,,,,,,,,,,,,,,,
Lung,ABCA3,3.35495853,180.145981,0.97750865,0.95467478,0.68858131,0.48819506,P,0.8815645,,,,,,,,,,,,,,,,
Lung,RB1,0.88185167,24.6376171,0.93252595,0.30137649,0.77297268,0.3308163,P,0.87976128,,,,,,,,,,,,,,,,
Lung,KRAS,0.84792793,20.9310913,0.91522491,0.28409544,0.77671363,0.36809517,U,0.86493087,,,,,,,,,,,,,,,,
Lung,CASP8,0.93911946,16.1328354,0.99653979,0.45248675,0.78592065,0.43814398,P,0.8553192,,,,,,,,,,,,,,,,
Lung,TP53,0.01192303,17.5970039,0.55536332,0.40662134,0.68531964,0.17584858,U,0.84909785,,,,,,,,,,,,,,,,
Lung,ADRB2,0.68402165,19.9388485,0.9982699,0.54911965,0.65361552,0.19332626,P,0.79950225,,,,,,,,,,,,,,,,
Lung,EPAS1,3.45687056,1121.979,1,0.4908796,0.75507748,0.40777383,U,0.78984684,,,,,,,,,,,,,,,,
Lung,JUN,0.59923393,455.029297,0.90311419,0.90406305,0.73216945,0.31282166,U,0.76981103,,,,,,,,,,,,,,,,
Lung,IRF1,1.95433283,109.198273,0.9982699,1.20579791,0.85960528,0.51488204,P,0.76206756,,,,,,,,,,,,,,,,
Lung,PIK3CA,0.51079488,16.1563206,0.88408304,0.29068026,0.80472642,0.47627629,P,0.75162226,,,,,,,,,,,,,,,,
Lung,PLA2G7,1.52663267,15.9647121,0.98615917,0.93717009,0.30103806,-0.3353468,P,0.72925472,,,,,,,,,,,,,,,,
Lung,TSC1,0.14687054,22.6445007,0.71799308,0.2942825,0.71235028,0.29102647,P,0.7216202,,,,,,,,,,,,,,,,
Lung,TSC2,0.11673152,46.1629066,0.74394464,0.26010004,0.74949918,0.31810168,P,0.71418667,,,,,,,,,,,,,,,,
Lung,PPP2R1B,-0.0848519,12.3664303,0.72491349,0.29440355,0.75842201,0.42031244,P,0.71227139,,,,,,,,,,,,,,,,
Lung,DICER1,0.78989643,29.7670975,0.90484429,0.3348262,0.78839771,0.40431512,U,0.71205997,,,,,,,,,,,,,,,,
Lung,IL4R,1.92933238,184.067093,1,0.50140452,0.87065198,0.59204563,P,0.70542169,,,,,,,,,,,,,,,,
Lung,TLR4,0.58688915,25.685894,0.99653979,0.45856476,0.88614047,0.43398634,N,0.68689072,,,,,,,,,,,,,,,,
Lung,ERBB2,0.06382981,48.4157639,0.86678201,0.32152107,0.74511864,0.30033668,P,0.67616183,,,,,,,,,,,,,,,,
Lung,FASLG,0.85069072,2.18449974,0.97577855,0.99477059,0.83747054,0.54197123,U,0.6577698,,,,,,,,,,,,,,,,
Lung,XPC,0.12837718,36.773571,0.71972318,0.29358178,0.65579044,0.11480078,U,0.64529979,,,,,,,,,,,,,,,,
Lung,HNMT,0.4009949,18.8047543,0.90311419,0.41801596,0.70198962,0.46187562,P,0.62463403,,,,,,,,,,,,,,,,
Lung,MAP3K8,1.96064639,64.4662476,0.99480969,0.45713994,0.8706493,1.00276607,P,0.58568186,,,,,,,,,,,,,,,,
Lung,VEGFA,0.42238125,186.730728,0.97577855,0.5328663,0.83196367,0.51396021,U,0.57986456,,,,,,,,,,,,,,,,
Lung,FOSL2,0.42054933,147.110153,0.78200692,0.50606257,0.78483276,0.3575143,U,0.56516939,,,,,,,,,,,,,,,,
Lung,BRAF,0.83591413,16.3868599,0.91695502,0.29960606,0.81462447,0.50581562,P,0.55188131,,,,,,,,,,,,,,,,
Lung,ATF2,0.31014776,23.4729252,0.74048443,0.25247356,0.75359288,0.35205227,U,0.54944408,,,,,,,,,,,,,,,,
Lung,FLCN,0.58634281,55.5496407,0.88408304,0.37617952,0.68074779,0.20844994,P,0.53878444,,,,,,,,,,,,,,,,
Lung,YY1,0.45955092,35.5500183,0.84775087,0.23194735,0.77477079,0.4099437,U,0.50154537,,,,,,,,,,,,,,,,
Lung,ERCC6,-0.1761246,3.77942777,0.42733564,0.35851476,0.69667468,0.22587064,P,0.49363789,,,,,,,,,,,,,,,,
Lung,CSF2,2.39474559,2.36610079,1,1.6344893,0.90726644,0.7669529,U,0.48343551,,,,,,,,,,,,,,,,
Lung,TBX21,0.49431962,7.68075609,0.9982699,0.76866013,0.6799308,0.0728102,P,0.47069344,,,,,,,,,,,,,,,,
Lung,CYBA,0.63206458,145.614456,1,0.35195789,0.97462514,0.62096964,P,0.45058966,,,,,,,,,,,,,,,,
Lung,PTMA,0.44380841,697.747375,0.84256055,0.2699807,0.76568031,0.38163688,U,0.43778136,,,,,,,,,,,,,,,,
Lung,ROBO1,0.27016121,11.6847019,0.68858131,0.41058999,0.80127399,0.59770414,U,0.42862335,,,,,,,,,,,,,,,,
Lung,ELK3,0.56370163,39.109951,0.98096886,0.38250732,0.88235294,0.58778465,U,0.42608109,,,,,,,,,,,,,,,,
Lung,MUS81,0.6996401,43.8736534,0.87716263,0.31781855,0.746074,0.26196089,N,0.41992733,,,,,,,,,,,,,,,,
Lung,BLOC1S6,0.34845176,20.9944649,0.78027682,0.21819511,0.68593527,0.18754235,U,0.41655773,,,,,,,,,,,,,,,,
Lung,NCF4,0.17496468,78.8641739,1,0.49199513,0.92233756,0.41431723,P,0.40242207,,,,,,,,,,,,,,,,
Lung,NCF2,0.29553658,96.0210037,1,0.44693732,0.9131187,0.38088412,P,0.39515162,,,,,,,,,,,,,,,,
Lung,HMOX1,0.83151829,223.936356,0.97404844,1.04529691,0.83114187,0.57358366,P,0.39411867,,,,,,,,,,,,,,,,
Lung,EGFR,-0.0331638,23.7011471,0.65397924,0.41471654,0.70936734,0.26032701,U,0.38539034,,,,,,,,,,,,,,,,
Lung,CCL11,0.46510264,16.3598747,0.97404844,2.66376185,0.92322664,0.42516186,P,0.38364092,,,,,,,,,,,,,,,,
Lung,KL,1.52234066,8.14182281,0.99480969,0.75741094,0.82525952,0.40517771,U,0.37939492,,,,,,,,,,,,,,,,
Lung,HLA-G,1.29999733,14.2801552,0.99134948,0.55464995,0.89763552,0.80286406,U,0.36713073,,,,,,,,,,,,,,,,
Lung,ITGB6,2.58143067,26.2502346,1,0.6239813,0.67214533,0.11394379,U,0.3402485,,,,,,,,,,,,,,,,
Lung,RUNX3,0.28404111,18.2675991,0.99653979,0.60016435,0.81202046,0.50080811,N,0.33969638,,,,,,,,,,,,,,,,
Lung,FOXM1,-0.0628383,4.72949839,0.84256055,1.52990973,0.70591218,0.19555352,U,0.31905705,,,,,,,,,,,,,,,,
Lung,CSF2RB,0.44478229,25.6023464,1,0.57177514,0.93879758,0.65737916,P,0.31037363,,,,,,,,,,,,,,,,
Lung,CYBB,1.24667418,57.8972473,0.99653979,0.66192907,0.98615917,0.31334109,U,0.30538788,,,,,,,,,,,,,,,,
Lung,NDST1,0.94848323,51.3426323,0.94290657,0.33522472,0.80894711,0.30999311,U,0.29849151,,,,,,,,,,,,,,,,
Lung,ITGA9,0.1140877,12.1901808,0.9550173,0.42890686,0.74336794,0.42143812,U,0.27214071,,,,,,,,,,,,,,,,
Lung,SMO,-0.4127939,8.34996033,0.316609,0.72191495,0.60989619,-0.0503237,U,0.21603891,,,,,,,,,,,,,,,,
Lung,TERT,-0.2449922,0.0382574,0.62629758,1.67154145,0.65500318,0.14752164,U,0.21562366,,,,,,,,,,,,,,,,
Lung,PTGER2,0.31109673,11.1343689,0.99653979,0.39645335,0.83780277,0.47058877,P,0.2149062,,,,,,,,,,,,,,,,
Lung,IL13,-0.1181212,0.26808259,0.71280277,3.08367562,0.81141869,0.65353534,P,0.20584817,,,,,,,,,,,,,,,,
Lung,NCF1,0.04880699,17.4174957,1,0.77358645,0.80365943,0.39277407,P,0.20495236,,,,,,,,,,,,,,,,
Lung,FUT8,-0.2098742,7.28874588,0.58304498,0.32191813,0.81520844,0.34608957,U,0.14342156,,,,,,,,,,,,,,,,
Lung,MMP1,0.00956046,13.6475792,0.95847751,4.02475023,0.78373702,0.44047641,P,0.10580999,,,,,,,,,,,,,,,,
Lung,MUC7,-0.0715905,1.14063787,0.4567474,2.80088305,0.6799308,0.0627904,U,0.09619068,,,,,,,,,,,,,,,,
Lung,FBN1,0.01794524,32.7925835,0.94636678,0.64791971,0.74083045,0.14174727,U,0.08984957,,,,,,,,,,,,,,,,
Lung,MUC5B,-0.0452034,5.42040348,0.89273356,3.35353303,0.73464533,0.07167892,U,0.07921829,,,,,,,,,,,,,,,,
Lung,FGF9,-0.0691891,1.85485291,0.85640138,0.80419159,0.73027682,0.5431725,N,0.07294995,,,,,,,,,,,,,,,,
,,,,,,,,,,,,,,,,,,,,,,,,,
,,,,,,,,,,,,,,,,,,,,,,,,,
Muscle,BIN1,4.14448118,1000.28986,1,0.30853304,0.21407398,-0.3621428,P,0.99304283,,,,,,,,,,,,,,,,
Muscle,MYH2,3.11549568,1590.21167,1,1.02305496,0.5733188,1.18545892,P,0.98902798,,,,,,,,,,,,,,,,
Muscle,MYPN,4.01020098,124.100967,1,0.37411231,0.63760897,1.5563816,U,0.98535269,,,,,,,,,,,,,,,,
Muscle,TTN,4.17761326,369.679688,1,0.36241251,0.48443337,0.58124527,P,0.98486483,,,,,,,,,,,,,,,,
Muscle,RYR1,4.27382755,449.640717,1,0.34421325,0.52236804,0.87406438,P,0.98404884,,,,,,,,,,,,,,,,
Muscle,BAG3,2.13476849,388.204926,1,0.41315189,0.28263249,-0.258763,P,0.98124069,,,,,,,,,,,,,,,,
Muscle,ACTA1,3.74998736,35988.1836,1,0.63839012,0.56274091,0.75464045,P,0.98097253,,,,,,,,,,,,,,,,
Muscle,FOXO1,1.40563142,78.8337173,0.76214197,0.80303222,0.29983872,-0.3692993,U,0.98087746,,,,,,,,,,,,,,,,
Muscle,TPM3,3.75636101,840.420288,0.98132005,0.56581891,0.62274048,0.96171731,P,0.98026949,,,,,,,,,,,,,,,,
Muscle,DNAJB6,2.01350045,56.2573929,0.99875467,0.27086323,0.36333577,0.08088065,P,0.97957498,,,,,,,,,,,,,,,,
Muscle,NEB,4.22512007,899.780273,1,0.38330027,0.50124533,0.69400662,P,0.97955602,,,,,,,,,,,,,,,,
Muscle,TPM2,1.9456315,4111.70215,1,0.37827793,0.51314922,0.78491116,P,0.97779661,,,,,,,,,,,,,,,,
Muscle,PLEC,1.0812515,154.161575,0.97135741,0.3247076,0.2305906,-0.3152557,P,0.97444987,,,,,,,,,,,,,,,,
Muscle,MYH7,2.81479859,4529.25977,1,0.76992327,0.69354504,1.57013789,P,0.97259438,,,,,,,,,,,,,,,,
Muscle,TNNT3,3.70327616,2789.21729,1,0.68657303,0.54960565,1.13256237,P,0.97209001,,,,,,,,,,,,,,,,
Muscle,ATP2A1,3.49473023,1586.97351,1,0.80655146,0.46986301,0.31251392,P,0.96987456,,,,,,,,,,,,,,,,
Muscle,MYH3,0.93635845,21.7846107,0.87173101,2.73885441,0.35450394,0.29095482,P,0.96588522,,,,,,,,,,,,,,,,
Muscle,CAV3,3.88609028,50.5134659,1,0.49654311,0.40627646,0.09972536,P,0.96549082,,,,,,,,,,,,,,,,
Muscle,TNNT1,3.94885397,5077.65332,1,0.55199981,0.84040617,1.75332456,P,0.96238196,,,,,,,,,,,,,,,,
Muscle,MYOT,3.62584686,763.739624,1,0.72887349,0.57569827,1.38351047,P,0.96166438,,,,,,,,,,,,,,,,
Muscle,ASPSCR1,0.11010151,15.242878,0.53175592,0.43363032,0.33679622,-0.0388841,U,0.96132177,,,,,,,,,,,,,,,,
Muscle,FLNC,2.96801376,1128.94238,1,0.57191986,0.29905531,-0.1955634,P,0.96079963,,,,,,,,,,,,,,,,
Muscle,KLHL41,4.28282452,3569.62891,1,0.34028786,0.78609062,2.12912721,P,0.96027172,,,,,,,,,,,,,,,,
Muscle,CFL2,2.6537149,128.651855,1,0.33281073,0.60924312,0.6235827,P,0.9594214,,,,,,,,,,,,,,,,
Muscle,MAP3K20,2.0844264,119.764603,1,0.42439842,0.21760659,-0.4439202,N,0.9592154,,,,,,,,,,,,,,,,
Muscle,TRIM32,0.83404785,15.164505,0.84184309,0.6055029,0.28535638,-0.2956046,P,0.95722097,,,,,,,,,,,,,,,,
Muscle,DMD,1.22162843,25.2668018,0.99501868,0.45113397,0.31506849,-0.2053832,P,0.95519125,,,,,,,,,,,,,,,,
Muscle,FHL1,2.99902487,2091.27734,1,0.44039249,0.43295973,0.75910013,P,0.95384622,,,,,,,,,,,,,,,,
Muscle,CNBP,2.16359687,896.950134,0.99252802,0.3277553,0.19348042,-0.4776148,P,0.95267725,,,,,,,,,,,,,,,,
Muscle,ADCK2,-0.8898031,10.9082489,0.04109589,0.41108847,0.39629168,0.11238824,U,0.9479115,,,,,,,,,,,,,,,,
Muscle,PUS1,-0.7855106,4.35580063,0.09464508,0.59406102,0.34257645,-0.1130214,P,0.94705802,,,,,,,,,,,,,,,,
Muscle,SYNE2,0.29605436,22.2670689,0.61270237,0.63729089,0.3004741,-0.2768793,P,0.94644177,,,,,,,,,,,,,,,,
Muscle,MTMR14,0.52000362,29.9548073,0.65379826,0.45924425,0.23568595,-0.3777434,P,0.94619209,,,,,,,,,,,,,,,,
Muscle,LDB3,2.90096426,468.437256,1,0.72862458,0.71388543,1.56819529,P,0.94552648,,,,,,,,,,,,,,,,
Muscle,TNPO3,-0.0005919,25.2567883,0.43711083,0.36361203,0.22323035,-0.3884226,P,0.94527954,,,,,,,,,,,,,,,,
Muscle,DNM2,-0.4993603,43.7627029,0.18929016,0.28987053,0.21461784,-0.4239229,P,0.93772644,,,,,,,,,,,,,,,,
Muscle,TNNI2,3.76123857,3608.69312,1,0.65041,0.53685045,1.11814058,P,0.9371419,,,,,,,,,,,,,,,,
Muscle,DES,1.93615103,12450.7783,1,0.27740979,0.38408294,-0.0163752,P,0.93375754,,,,,,,,,,,,,,,,
Muscle,LPIN1,2.06342649,123.713531,0.97260274,0.86217558,0.32682994,-0.2171061,P,0.93232656,,,,,,,,,,,,,,,,
Muscle,PABPN1,-1.1704051,63.2199516,0.00871731,0.35631824,0.29986509,-0.2268515,U,0.93162656,,,,,,,,,,,,,,,,
Muscle,SLC25A4,2.3853507,405.396179,1,0.43013337,0.68670119,0.66238118,P,0.93136084,,,,,,,,,,,,,,,,
Muscle,POMGNT1,0.187861,33.3059158,0.59028643,0.39700109,0.30851412,-0.277889,P,0.92619455,,,,,,,,,,,,,,,,
Muscle,EMD,-0.3083574,89.6326675,0.24782067,0.36879221,0.21069707,-0.4219391,P,0.92619181,,,,,,,,,,,,,,,,
Muscle,CLCN1,3.30941868,15.2378292,1,0.88391978,0.50062267,1.36643445,P,0.92483443,,,,,,,,,,,,,,,,
Muscle,STIM1,1.24961925,61.0398903,0.87297634,0.37534314,0.11522762,-0.6814822,P,0.91526651,,,,,,,,,,,,,,,,
Muscle,GMPPB,-0.8568847,7.63877058,0.03362391,0.52208513,0.21993743,-0.3949801,U,0.90979981,,,,,,,,,,,,,,,,
Muscle,COX10,2.44368672,30.192112,0.99875467,0.34221199,0.09298464,-0.7590433,P,0.90869188,,,,,,,,,,,,,,,,
Muscle,CRYAB,1.53944027,1608.70972,1,0.50767761,0.30275958,-0.017381,P,0.90547752,,,,,,,,,,,,,,,,
Muscle,DMPK,0.33347303,115.172089,0.89165629,0.57284921,0.40355247,-0.0294458,P,0.90392965,,,,,,,,,,,,,,,,
Muscle,RRM2B,1.05609035,24.0529385,0.92901619,0.57324594,0.19088142,-0.4592897,P,0.90380061,,,,,,,,,,,,,,,,
Muscle,KLHL40,3.75410223,349.925629,1,0.66097957,0.27006832,-0.2059856,P,0.90157527,,,,,,,,,,,,,,,,
Muscle,SGCA,2.75599146,236.865234,1,0.2924085,0.26012746,-0.4978819,P,0.90153718,,,,,,,,,,,,,,,,
Muscle,MBNL1,0.36852714,80.7441406,0.89539228,0.37545732,0.2058091,-0.360281,U,0.90131336,,,,,,,,,,,,,,,,
Muscle,TCAP,3.33321977,2808.32031,1,0.60976553,0.80390203,1.70482953,P,0.89824265,,,,,,,,,,,,,,,,
Muscle,MICU1,0.17083989,41.9830513,0.69613948,0.30433095,0.34802526,-0.1299283,P,0.89527321,,,,,,,,,,,,,,,,
Muscle,DAG1,0.69089144,59.9768448,0.91033624,0.35834494,0.15701324,-0.4602287,P,0.89024311,,,,,,,,,,,,,,,,
Muscle,HNRNPDL,-0.6158281,104.040199,0.13449564,0.36634839,0.28787472,-0.2726941,P,0.88431233,,,,,,,,,,,,,,,,
Muscle,TOR1AIP1,-0.2328467,16.8610477,0.4109589,0.34634569,0.24339975,-0.3573781,U,0.88302928,,,,,,,,,,,,,,,,
Muscle,CAPN3,3.77715063,283.676147,1,0.48812801,0.85990037,1.97511061,P,0.88104302,,,,,,,,,,,,,,,,
Muscle,FKTN,-0.8536367,3.04112387,0.01867995,0.39969921,0.34445828,0.07623835,U,0.87321979,,,,,,,,,,,,,,,,
Muscle,POLG2,-0.7302536,4.38259554,0.03985056,0.38507387,0.28775425,-0.3223847,P,0.87319458,,,,,,,,,,,,,,,,
Muscle,POMT2,0.12702085,14.0365267,0.51183064,0.77207714,0.13749908,-0.2714081,P,0.8685661,,,,,,,,,,,,,,,,
Muscle,DYSF,0.53113085,50.0722809,1,0.54584056,0.52340488,0.87755077,P,0.86655152,,,,,,,,,,,,,,,,
Muscle,SGCG,2.63773203,61.434967,1,0.6086908,0.82728231,2.0032167,P,0.86274683,,,,,,,,,,,,,,,,
Muscle,SGCB,0.4307557,49.199276,0.92154421,0.34369361,0.57363014,0.9743943,P,0.85802609,,,,,,,,,,,,,,,,
Muscle,TMEM43,-0.662833,50.3350487,0.10211706,0.59237927,0.2059606,-0.4433566,P,0.84210372,,,,,,,,,,,,,,,,
Muscle,ZMPSTE24,-0.9021506,13.5627356,0.04856787,0.48211348,0.24141612,-0.4761607,P,0.84051955,,,,,,,,,,,,,,,,
Muscle,TFAM,-0.5191927,6.39284086,0.09713574,0.31325361,0.27319163,-0.3033657,U,0.83755624,,,,,,,,,,,,,,,,
Muscle,SMCHD1,-0.7623624,8.37898064,0.0124533,0.3739993,0.21711136,-0.3835434,P,0.8358376,,,,,,,,,,,,,,,,
Muscle,MCCC1,-0.7022583,11.1197014,0.0498132,0.30088454,0.31485191,-0.2264237,P,0.83400971,,,,,,,,,,,,,,,,
Muscle,TOP3A,-1.0453831,4.94920778,0.00622665,0.31923494,0.18447489,-0.5019565,U,0.82726479,,,,,,,,,,,,,,,,
Muscle,INPP5K,-0.3492547,28.0055256,0.32004981,0.40972063,0.28408619,-0.2989025,U,0.82500827,,,,,,,,,,,,,,,,
Muscle,GNE,-0.8075772,5.81793499,0.00996264,0.33953625,0.22715952,-0.4515292,P,0.81435204,,,,,,,,,,,,,,,,
Muscle,YARS2,-0.5596946,7.57794237,0.11083437,0.28390241,0.30326751,-0.2947531,P,0.81332892,,,,,,,,,,,,,,,,
Muscle,MSTN,0.86845136,2.35637403,0.71481943,1.27553976,0.70983811,0.99403341,U,0.81191522,,,,,,,,,,,,,,,,
Muscle,LRP1,-0.8233973,15.7014418,0.01494396,0.76623762,0.17342486,-0.4468828,N,0.80836684,,,,,,,,,,,,,,,,
Muscle,PDGFRA,-0.6508746,6.55936337,0.01494396,0.82225579,0.22264822,-0.3547375,U,0.79831505,,,,,,,,,,,,,,,,
Muscle,PAX3,0.42116806,1.15975809,1,0.70409703,0.26778746,-0.3480673,P,0.79103827,,,,,,,,,,,,,,,,
Muscle,TWNK,0.46567145,9.60243893,0.71855542,0.59328783,0.14744707,-0.657408,U,0.78370672,,,,,,,,,,,,,,,,
Muscle,LARGE1,0.92090029,15.3169308,0.95143213,0.46820435,0.17135741,-0.361305,U,0.78214538,,,,,,,,,,,,,,,,
Muscle,SYNE1,-0.7500127,4.31261921,0.02739726,0.57449877,0.26225518,-0.3380705,P,0.7802012,,,,,,,,,,,,,,,,
Muscle,LAMA2,-0.3586285,20.0470123,0.3486924,0.8250581,0.39404317,0.06221659,P,0.77653825,,,,,,,,,,,,,,,,
Muscle,FKRP,-0.3170091,8.58448982,0.30759651,0.30610767,0.04483188,-0.6195579,P,0.76666266,,,,,,,,,,,,,,,,
Muscle,POMGNT2,0.00251975,24.7168427,0.46326276,0.62637049,0.15948526,-0.508261,P,0.75741512,,,,,,,,,,,,,,,,
Muscle,FRG1,-1.0359038,12.5443201,0.01120797,0.30807233,0.20423412,-0.4965696,U,0.75683022,,,,,,,,,,,,,,,,
Muscle,COL6A2,-0.7464005,74.1077118,0.00996264,0.79393655,0.18014178,-0.2741843,P,0.75182056,,,,,,,,,,,,,,,,
Muscle,FDX2,-0.7156908,12.4411726,0.06475716,0.35993522,0.1877335,-0.6964151,U,0.75067985,,,,,,,,,,,,,,,,
Muscle,B4GAT1,-0.4774913,22.0680408,0.09090909,0.36486289,0.19873843,-0.4971899,U,0.72285062,,,,,,,,,,,,,,,,
Muscle,BVES,2.36904502,32.9200058,1,0.39173758,0.95267746,2.51110876,U,0.72178698,,,,,,,,,,,,,,,,
Muscle,ANK2,-0.1373339,11.2894249,0.73972603,0.40190482,0.31783589,-0.1150388,U,0.7158013,,,,,,,,,,,,,,,,
Muscle,KLHL31,1.78867924,26.9335403,0.99875467,0.91195524,0.21108344,-0.4290707,U,0.714634,,,,,,,,,,,,,,,,
Muscle,POMT1,-0.3972723,13.1129131,0.21544209,0.28903314,0.1576232,-0.309822,P,0.71132821,,,,,,,,,,,,,,,,
Muscle,LMNA,-0.642065,64.8877563,0.03113325,0.36879328,0.20033497,-0.4468909,P,0.70585382,,,,,,,,,,,,,,,,
Muscle,NDST1,-1.0577996,9.59742928,0,0.29364657,0.15628892,-0.3967345,U,0.70430887,,,,,,,,,,,,,,,,
Muscle,POLG,-0.4238407,22.4538212,0.19178082,0.33873725,0.17282413,-0.5645353,P,0.69307613,,,,,,,,,,,,,,,,
Muscle,TRAPPC11,-0.7298353,12.2749138,0.06973848,0.32939532,0.16634051,-0.6469747,P,0.69164437,,,,,,,,,,,,,,,,
Muscle,PYROXD1,-0.1953215,6.64622784,0.35367372,0.38642937,0.19598381,-0.5408659,U,0.69001538,,,,,,,,,,,,,,,,
Muscle,DGUOK,-1.5659713,12.1868067,0,0.34368175,0.19185001,-0.2931515,P,0.6838007,,,,,,,,,,,,,,,,
Muscle,HLA-A,-0.7878861,188.343552,0.00622665,0.57165211,0.15531044,-0.5295714,U,0.68196249,,,,,,,,,,,,,,,,
Muscle,CHKB,-1.1139498,21.0437317,0.01743462,0.56630921,0.17808219,-0.1024224,P,0.66850126,,,,,,,,,,,,,,,,
Muscle,MTM1,-0.6120778,6.7817378,0.10336239,0.272892,0.34452699,0.07008774,U,0.66592407,,,,,,,,,,,,,,,,
Muscle,VMA21,-1.1018229,6.43064404,0.00996264,0.34384847,0.09682441,-0.7993653,P,0.6630429,,,,,,,,,,,,,,,,
Muscle,ITGA7,0.18421187,123.824905,0.95516812,0.44845945,0.30515774,0.11714181,P,0.65450084,,,,,,,,,,,,,,,,
Muscle,ZFPM2,0.0710627,5.97709227,0.89788294,0.37831646,0.17787464,-0.583589,U,0.64880866,,,,,,,,,,,,,,,,
Muscle,SGCD,1.02600992,16.6044693,0.97882939,0.57859409,0.81992528,1.28941185,P,0.64864129,,,,,,,,,,,,,,,,
Muscle,COL4A1,-0.5553217,30.2151546,0.1120797,0.62023622,0.12545696,-0.4873531,P,0.6330297,,,,,,,,,,,,,,,,
Muscle,COL6A1,-0.7206234,69.3978577,0.00871731,0.72291541,0.11436281,-0.5476212,P,0.61449635,,,,,,,,,,,,,,,,
Muscle,NR2F2,-0.6171153,13.9344435,0.03860523,0.52476525,0.17735081,-0.4567199,U,0.61386025,,,,,,,,,,,,,,,,
Muscle,FAT1,-0.9368389,1.20677066,0,0.86666471,0.09429483,-0.564939,U,0.60200876,,,,,,,,,,,,,,,,
Muscle,PLN,0.2367934,218.124527,1,0.6569342,0.76684655,1.65333471,U,0.60101855,,,,,,,,,,,,,,,,
Muscle,KIF7,-0.9018145,1.21051681,0.01618929,0.91601557,0.12083655,-0.622957,P,0.57547832,,,,,,,,,,,,,,,,
Muscle,DNA2,-0.4867077,1.37711453,0.17932752,0.69888699,0.21118721,-0.4020886,P,0.56898183,,,,,,,,,,,,,,,,
Muscle,TK2,-1.2009652,4.83917427,0,0.38103274,0.15151515,-0.3734029,P,0.56499916,,,,,,,,,,,,,,,,
Muscle,CNTN1,-0.5309615,0.20117007,0,1.18607378,0.08929749,-0.4762725,U,0.55522889,,,,,,,,,,,,,,,,
Muscle,SELENON,-0.5127881,40.8131752,0.20921544,0.60819519,0.07745953,-0.7150214,N,0.54572254,,,,,,,,,,,,,,,,
Muscle,MEGF10,0.19609725,2.45736098,0.97758406,1.19052172,0.2346294,-0.2497298,P,0.531394,,,,,,,,,,,,,,,,
Muscle,ORAI1,0.02012279,21.9249477,0.70361146,0.41479513,0.18150685,-0.5817591,P,0.52850795,,,,,,,,,,,,,,,,
Muscle,SLIT3,-0.6972431,3.32903647,0.00622665,0.98886645,0.00373599,-0.9019582,U,0.51445961,,,,,,,,,,,,,,,,
Muscle,ANGPTL2,-0.0886389,41.9081078,0.52926526,0.86226702,0.26608551,-0.3835968,N,0.46271548,,,,,,,,,,,,,,,,
Muscle,LIMS2,-0.65715,13.805151,0.01369863,0.41951108,0.0931922,-0.6748364,U,0.44515505,,,,,,,,,,,,,,,,
Muscle,PAX7,2.27107763,1.8111434,1,0.74696869,0.55873807,0.76915061,U,0.44141915,,,,,,,,,,,,,,,,
Muscle,POMK,-0.4474414,0.82515609,0.20672478,0.53704947,0.19313734,-0.5287434,P,0.39762345,,,,,,,,,,,,,,,,
Muscle,KY,0.02981297,1.85930741,0.43462017,1.78606594,0.99750934,3.71874881,U,0.3864952,,,,,,,,,,,,,,,,
Muscle,GATA4,-0.3198309,0.02807766,0.1743462,2.77077699,0.16936488,-0.5527141,U,0.32765263,,,,,,,,,,,,,,,,
Muscle,FREM1,-0.5936939,0.356989,0.03113325,1.05077267,0.07098381,-0.6407713,N,0.32180032,,,,,,,,,,,,,,,,
Muscle,COL6A3,-0.358692,19.2218437,0.06849315,0.8202889,0.17963885,-0.4892019,P,0.30635858,,,,,,,,,,,,,,,,
Muscle,WT1,-0.2648662,0.01728769,0.09838107,4.51553822,0.23403902,-0.4345695,U,0.30021161,,,,,,,,,,,,,,,,
Muscle,SCN5A,-0.0715571,1.86673117,0.60273973,2.53002119,0.31583485,-0.2910503,U,0.27250519,,,,,,,,,,,,,,,,
Muscle,HCN4,-0.2554526,0.00921026,0.06351183,3.76007843,0.20890411,-0.3926335,N,0.20313965,,,,,,,,,,,,,,,,
Muscle,CTSS,-0.3710192,1.96977472,0.00498132,0.76224166,0.16296033,-0.5269368,N,0.19058231,,,,,,,,,,,,,,,,
Muscle,SOX7,-0.2537808,8.74429131,0.38978829,1.29271317,0.03953923,-0.857702,U,0.1609021,,,,,,,,,,,,,,,,
Muscle,HCN1,-0.1970414,0.39966741,0.7633873,1.6948626,0.60813616,1.0887516,N,0.15593047,,,,,,,,,,,,,,,,
Muscle,FBN2,-0.1414927,0.02900098,0.0124533,2.85052395,0.12571279,-0.5462571,U,0.15142787,,,,,,,,,,,,,,,,
Muscle,SPEG,0.68017983,82.8314133,1,0.43403038,0.8256538,0.53559315,P,0.09270176,,,,,,,,,,,,,,,,
Muscle,CCDC78,-0.3588602,0.1186628,0,1.01765573,0.30572852,-0.2416642,P,0.07347339,,,,,,,,,,,,,,,,
,,,,,,,,,,,,,,,,,,,,,,,,,
,,,,,,,,,,,,,,,,,,,,,,,,,
Ovary,TP53,1.23690343,33.6616096,0.96666667,0.31667629,0.7651255,0.62684146,N,0.93906045,,,,,,,,,,,,,,,,
Ovary,PIK3CA,0.56193519,16.5586624,0.88888889,0.30528072,0.57256236,0.20827099,P,0.90621859,,,,,,,,,,,,,,,,
Ovary,MSH6,4.07394934,41.3467216,1,0.32251343,0.82013889,0.67816949,P,0.90500408,,,,,,,,,,,,,,,,
Ovary,PTEN,0.38511419,34.1552773,0.90555556,0.3144933,0.61015089,0.12186729,U,0.82781851,,,,,,,,,,,,,,,,
Ovary,KRAS,-0.1210197,13.581171,0.4,0.27853462,0.65385185,0.26447125,N,0.82735044,,,,,,,,,,,,,,,,
Ovary,CTNNB1,1.43446743,202.904434,0.98888889,0.24749228,0.72546755,0.4398626,P,0.82676023,,,,,,,,,,,,,,,,
Ovary,MLH3,0.96116418,11.7617626,0.96111111,0.20688748,0.67438272,0.32578441,U,0.80014104,,,,,,,,,,,,,,,,
Ovary,AKT2,1.47353113,70.1400528,0.99444444,0.25636485,0.80883191,0.57372695,U,0.7935164,,,,,,,,,,,,,,,,
Ovary,TSC2,1.38734472,79.465004,1,0.21992217,0.84074074,0.78551403,U,0.75167763,,,,,,,,,,,,,,,,
Ovary,FMR1,1.71824372,33.029274,0.98888889,0.23098654,0.80710383,0.620846,P,0.74229109,,,,,,,,,,,,,,,,
Ovary,FOXO3,0.84710711,58.5176659,0.98888889,0.30222246,0.73085106,0.58822704,U,0.7082693,,,,,,,,,,,,,,,,
Ovary,SERPINH1,0.63105124,152.569168,0.99444444,1.30694747,0.71697248,0.421151,U,0.68530279,,,,,,,,,,,,,,,,
Ovary,FOXL2,8.15499973,103.702736,1,0.48208195,0.88831019,1.03587604,P,0.67925942,,,,,,,,,,,,,,,,
Ovary,STK11,0.5838666,40.3983345,0.93888889,0.23546815,0.81693122,0.81573043,P,0.67760396,,,,,,,,,,,,,,,,
Ovary,HDAC3,1.15817094,82.8018341,0.98888889,0.14158267,0.85587719,0.76416914,U,0.64679021,,,,,,,,,,,,,,,,
Ovary,NR5A1,1.40547717,74.7074814,1,0.35448793,0.88926768,1.1993742,P,0.63837099,,,,,,,,,,,,,,,,
Ovary,MSH3,0.62079728,8.04193401,0.84444444,0.27386782,0.76396396,0.51278885,U,0.59842741,,,,,,,,,,,,,,,,
Ovary,ERRFI1,0.71286494,228.950043,1,0.46033368,0.68747045,0.19621284,U,0.58697402,,,,,,,,,,,,,,,,
Ovary,FSHR,2.25463486,1.31323516,1,1.07755196,0.78865741,0.71066593,U,0.57326031,,,,,,,,,,,,,,,,
Ovary,APC,-0.4013877,5.93724489,0.15555556,0.28051615,0.75612002,0.5267641,N,0.51883852,,,,,,,,,,,,,,,,
Ovary,FANCF,0.71038276,6.56640625,0.83333333,0.40359768,0.80233918,0.41760517,U,0.50856161,,,,,,,,,,,,,,,,
Ovary,FGFR3,-0.4766702,1.28111398,0.03333333,1.47584939,0.49309309,-0.100862,N,0.4071992,,,,,,,,,,,,,,,,
Ovary,AKT1,0.12450537,55.0055008,0.70555556,0.18482362,0.66669797,0.3757797,P,0.40629315,,,,,,,,,,,,,,,,
Ovary,DIAPH2,0.27795729,10.2972498,0.90555556,0.33175781,0.72777778,0.47552588,P,0.31818727,,,,,,,,,,,,,,,,
Ovary,HMGA1,-0.4655863,8.48400021,0.00555556,0.68496084,0.67447917,0.2636533,N,0.28418991,,,,,,,,,,,,,,,,
Ovary,EMP2,0.23713444,66.9291153,0.98333333,0.23232229,0.93888889,0.85071893,U,0.25183749,,,,,,,,,,,,,,,,
Ovary,OPCML,-0.2795016,0.27664238,0.41666667,1.957564,0.57592593,0.29697563,P,0.24316645,,,,,,,,,,,,,,,,
Ovary,CDH1,-0.5092091,3.65151238,0.85,0.90742129,0.71114934,0.47651854,U,0.23965774,,,,,,,,,,,,,,,,
Ovary,NR1H3,0.0024438,19.4893112,0.9,0.43027273,0.77942387,0.69178421,U,0.23650704,,,,,,,,,,,,,,,,
Ovary,HFM1,0.86277181,7.04128838,1,0.35632336,0.78888889,0.00034484,P,0.14196317,,,,,,,,,,,,,,,,
Ovary,PATL2,-0.1450821,0.91672236,0.75555556,0.65168798,0.36944444,-0.115506,U,0.12095256,,,,,,,,,,,,,,,,
Ovary,POF1B,-0.297822,0.20193799,0.18333333,0.97541279,0.65434783,0.19870741,U,0.10860074,,,,,,,,,,,,,,,,
Ovary,STAG3,0.09006401,6.45723486,0.96666667,0.4979656,0.96111111,1.16613114,P,0.07317755,,,,,,,,,,,,,,,,
,,,,,,,,,,,,,,,,,,,,,,,,,
,,,,,,,,,,,,,,,,,,,,,,,,,
Testis,CSNK2A2,3.33594275,96.3398895,1,0.23926353,0.80894079,1.30862826,U,0.96105272,,,,,,,,,,,,,,,,
Testis,STK11,5.00559521,118.628914,0.99722992,0.225077,0.85795435,1.3318495,P,0.95585746,,,,,,,,,,,,,,,,
Testis,CHEK2,0.92552423,8.39498329,1,0.32179344,0.6306229,0.47015262,U,0.94520921,,,,,,,,,,,,,,,,
Testis,NKX3-1,0.61349964,38.2533112,1,0.3520242,0.46176446,0.13325832,U,0.93312436,,,,,,,,,,,,,,,,
Testis,NR5A1,0.50290841,32.6591225,1,0.31953111,0.6043398,0.30004035,U,0.93305087,,,,,,,,,,,,,,,,
Testis,TEX11,6.04649782,21.1911678,1,0.35458189,0.6793299,0.41808179,U,0.9126128,,,,,,,,,,,,,,,,
Testis,DMC1,5.93065071,14.0773191,1,0.34950307,0.77735457,1.71021781,U,0.90032691,,,,,,,,,,,,,,,,
Testis,APC,-0.380882,6.15077591,0.17174515,0.24498047,0.64494701,0.54315173,U,0.89380896,,,,,,,,,,,,,,,,
Testis,CATSPER1,6.10378408,45.9004402,1,0.48212391,0.98725762,1.45883913,U,0.88251936,,,,,,,,,,,,,,,,
Testis,GOPC,0.14541164,28.0012169,0.78116343,0.2047677,0.55107792,0.34704291,U,0.88079029,,,,,,,,,,,,,,,,
Testis,BRCA2,2.42225409,4.69019651,1,0.29188216,0.74870055,1.18789328,U,0.87859386,,,,,,,,,,,,,,,,
Testis,MEIOB,6.55632114,76.8572235,1,0.30586582,0.66481994,1.92118923,U,0.86936039,,,,,,,,,,,,,,,,
Testis,SYCE1,6.37445545,118.864464,1,0.26803857,0.94977719,2.21018405,U,0.850703,,,,,,,,,,,,,,,,
Testis,AR,0.32763442,7.6353159,0.95290859,0.41203058,0.51105086,0.19042879,P,0.84625626,,,,,,,,,,,,,,,,
Testis,TAF4B,2.15369797,10.1233349,1,0.30047083,0.78476454,1.46511304,U,0.83962786,,,,,,,,,,,,,,,,
Testis,TGFBR2,-0.9196452,15.6375895,0.00277008,0.75341749,0.40019741,-0.128427,U,0.82054591,,,,,,,,,,,,,,,,
Testis,AGFG1,1.37098062,38.9480591,1,0.24757333,0.81141274,1.162174,U,0.81341553,,,,,,,,,,,,,,,,
Testis,PTEN,-0.3448788,21.2429638,0.23268698,0.20149732,0.57218511,0.55963299,P,0.79874581,,,,,,,,,,,,,,,,
Testis,RNASEL,-0.7895243,2.48548508,0.02770083,0.44191679,0.50600185,-0.0983749,U,0.76848584,,,,,,,,,,,,,,,,
Testis,AURKC,6.44021177,85.4035797,1,0.32710302,0.94182825,1.11596932,U,0.76848,,,,,,,,,,,,,,,,
Testis,MXI1,-0.3921269,36.1038513,0.29362881,0.3482714,0.63775836,0.49339706,U,0.7498523,,,,,,,,,,,,,,,,
Testis,MAD1L1,3.30884624,18.5911579,0.99722992,0.21705173,0.96113736,1.99027819,U,0.71994007,,,,,,,,,,,,,,,,
Testis,BCL10,0.23209918,12.9629259,0.966759,0.18352968,0.77308894,1.03862829,U,0.71966046,,,,,,,,,,,,,,,,
Testis,SYCP3,6.55592346,176.91069,1,0.30661926,0.79639889,0.85638383,U,0.7183286,,,,,,,,,,,,,,,,
Testis,TCTE1,6.26214266,70.7568817,1,0.38795933,0.919074,2.35932517,U,0.71828341,,,,,,,,,,,,,,,,
Testis,KLHL10,6.29036999,117.282417,1,0.4285852,0.98425426,2.31785636,U,0.71711051,,,,,,,,,,,,,,,,
Testis,ARL2BP,1.66758811,20.1597481,0.96952909,0.32909185,0.97783934,1.57613903,U,0.70051825,,,,,,,,,,,,,,,,
Testis,SPATA20,4.65240526,270.273926,1,0.32508978,0.99327266,1.58587202,U,0.69933599,,,,,,,,,,,,,,,,
Testis,CTNNB1,-0.717773,64.0582809,0.033241,0.29891574,0.50289731,0.11389813,U,0.65027213,,,,,,,,,,,,,,,,
Testis,KRAS,-0.4594876,11.0137339,0.12465374,0.25197053,0.40774165,-0.0582844,U,0.63422185,,,,,,,,,,,,,,,,
Testis,TEX14,6.47481632,40.536602,1,0.30062068,0.92382271,2.35485882,U,0.61376613,,,,,,,,,,,,,,,,
Testis,CDH1,-0.5647455,0.81442052,0.30747922,0.43667281,0.45160355,-0.0475494,N,0.61208928,,,,,,,,,,,,,,,,
Testis,CABYR,6.37040567,250.746429,1,0.39400998,0.99168975,2.58877203,U,0.5915212,,,,,,,,,,,,,,,,
Testis,ARMC2,5.32663631,25.0213184,1,0.35451889,0.06648199,-0.5478252,U,0.59045374,,,,,,,,,,,,,,,,
Testis,BSCL2,2.64334869,263.495544,1,0.26234752,0.93978714,1.26837261,U,0.5845595,,,,,,,,,,,,,,,,
Testis,KLF6,-0.8542926,23.0751228,0.00277008,0.34072709,0.65308783,0.42920517,U,0.5638172,,,,,,,,,,,,,,,,
Testis,FGFR3,-0.1208333,42.3822975,1,0.34816796,0.52461982,0.14571489,P,0.53532577,,,,,,,,,,,,,,,,
Testis,KIT,-0.4042045,6.14262962,0.2299169,0.42326277,0.43155318,-0.0985916,U,0.53505546,,,,,,,,,,,,,,,,
Testis,PLCZ1,6.09218216,61.8125763,1,0.51377887,0.68882733,-0.1816257,U,0.53017348,,,,,,,,,,,,,,,,
Testis,SYCP2,6.05847645,44.0994415,1,0.28816977,1,5.15681601,U,0.52965748,,,,,,,,,,,,,,,,
Testis,SLC26A8,5.76876593,66.1221848,1,0.42588103,1,1.32620147,U,0.50670844,,,,,,,,,,,,,,,,
Testis,PMFBP1,6.18127441,27.8670635,1,0.44496703,0.87811634,0.5080303,U,0.49630743,,,,,,,,,,,,,,,,
Testis,EHBP1,0.46315482,36.5182533,0.966759,0.31193861,0.95124654,2.19767249,U,0.45647836,,,,,,,,,,,,,,,,
Testis,NUPR1,-0.3286277,36.4646797,0.18836565,0.47014824,0.48291782,-0.0894999,U,0.40926987,,,,,,,,,,,,,,,,
Testis,CFAP43,5.4061718,43.974102,1,0.36264041,0.93905817,0.37634301,U,0.38632968,,,,,,,,,,,,,,,,
Testis,DNAH1,3.98907852,27.1928406,1,0.27961278,0.97091413,0.55866072,U,0.33394817,,,,,,,,,,,,,,,,
Testis,BRDT,6.32798195,115.424324,1,0.41631258,1,1.90824509,U,0.29805121,,,,,,,,,,,,,,,,
Testis,ZFHX3,-0.4729806,3.63831306,0.08864266,0.26455212,0.65868619,0.33112473,U,0.25597489,,,,,,,,,,,,,,,,
Testis,CFAP44,1.92179191,12.8506775,1,0.23260285,0.94459834,0.98890096,U,0.23112822,,,,,,,,,,,,,,,,
Testis,NANOS1,-0.306643,1.4602375,0.27977839,0.3024694,0.67036011,0.8498675,U,0.18606465,,,,,,,,,,,,,,,,
Testis,HOXB13,-0.1051917,0.19448328,0.99722992,0.52285731,0.99261311,0.57618374,N,0.16753344,,,,,,,,,,,,,,,,
Testis,CATSPER2,4.44829893,24.7983894,1,0.32588476,1,-0.0546206,U,0.11631064,,,,,,,,,,,,,,,,
Testis,CFTR,-0.0671276,1.72946298,1,0.27075109,0.79752946,0.96898692,N,0.09139547,,,,,,,,,,,,,,,,
Testis,MSMB,-0.072487,11.8116531,1,0.65144682,0.99445983,1.74147034,U,0.07957372,,,,,,,,,,,,,,,,
,,,,,,,,,,,,,,,,,,,,,,,,,
,,,,,,,,,,,,,,,,,,,,,,,,,
,,,,,,,,,,,,,,,,,,,,,,,,,
,,,,,,,,,,,,,,,,,,,,,,,,,
,,,,,,,,,,,,,,,,,,,,,,,,,
,,,,,,,,,,,,,,,,,,,,,,,,,
,,,,,,,,,,,,,,,,,,,,,,,,,
,,,,,,,,,,,,,,,,,,,,,,,,,